1,Olympe,Kaset Wisai,726935
2,Iseabal,Jalatrang,91682
3,Adrianna,Outeiro,923111
4,Georas,Yashan,753928
5,Pebrook,Kifrī,935757
6,Merrie,Malanje,19548
7,Artur,Gonzalo,305271
8,Cristionna,Tabia,288940
9,Kevon,Tumu,768025
10,Cart,Retorta,844145
11,Victor,El Llano,297470
12,Crawford,Raojān,871703
13,Bil,Itacoatiara,939644
14,Jolee,Outokumpu,465496
15,Wolfgang,Nantai,709630
16,Ibbie,Montes Velhos,704617
17,Nadya,Kvasy,459227
18,Tallulah,Newtown,121640
19,Theodora,Wufeng,961589
20,Nico,Entre Rios,593357
21,Rossy,Itaboraí,633568
22,Roxanna,Izra‘,667521
23,Sashenka,Vishow,435598
24,Tisha,Maji,876149
25,Nananne,Ebute Ikorodu,264452
26,Chaim,Thetford-Mines,175109
27,Ruby,Piraí,285238
28,Cornelius,Santiago Vázquez,373407
29,Georgi,Anserma,803619
30,Francklyn,Pedro García,730282
31,Berty,Maliang,376114
32,Ash,Xicheng,627391
33,Alyosha,Lewo,300876
34,Tildy,Anyuan,918633
35,Jasen,Yanjiang,610508
36,Brena,Cimanggu,317029
37,Elbertine,Jingjiao,112344
38,Legra,Baiju,94465
39,Mata,Wanli,211496
40,Katharine,Luhanka,691038
41,Madalyn,Örebro,499832
42,Kelcey,Réo,298279
43,Morty,Hutang,235389
44,Emmalee,San Vicente Centenario,575877
45,Kerry,Gaotian,960452
46,Meridel,Miryang,489118
47,Cordie,São Gabriel da Cachoeira,565249
48,Wade,Limoges,686802
49,Velma,Atafu Village,940596
50,Kyrstin,Enköping,575818
51,Worthy,Pergamino,768643
52,Nanete,Estância Velha,110784
53,Jedediah,Güines,665882
54,Eden,Xinyang,339432
55,Audie,Succha,87496
56,Aloysius,Dagu,870543
57,Nelia,Al Quwaysimah,202305
58,Dyana,Corga,278398
59,Eilis,Wujingfu,750372
60,Verne,Duodaoshi,188127
61,Ailis,Jamaica,211707
62,Genevieve,Chantilly,300641
63,Nils,Yunxi,923713
64,Wendall,Sakai,340783
65,Elise,Carmen,712217
66,Georgeta,Tanxi,956209
67,Shae,Japeri,491467
68,Lucho,Ciudad Bolívar,449330
69,Jerrylee,Lincheng,67368
70,Lorna,Cicurug,999899
71,Myron,Huangdimiao,874217
72,Hyacinthia,Panikihan,828161
73,Catha,Hongwŏn,195817
74,Claudia,Shaowu,107040
75,Melina,Langtad,454367
76,Erastus,Casal,135541
77,Tonie,Ndwedwe,820946
78,Christopher,Donghe,169504
79,Sterling,Merke,924082
80,Lamont,Nalinggou,664834
81,Erika,Uglovoye,41888
82,Carlin,Molagavita,550020
83,Yoshiko,Lenchwe Le Tau,732418
84,Amy,Synevyr,267230
85,Rodrick,São Miguel do Guamá,689911
86,Kelwin,Companhia de Baixo,907114
87,Carlita,Panzhuang,880231
88,Mariette,Maliq,491524
89,Nell,Nong Ruea,679206
90,Aleta,Trebisht-Muçinë,783522
91,Seward,Xibali,427215
92,Myrvyn,Horta,276958
93,Hobie,Xingnong,457185
94,Fulvia,Krajan Ngrambingan,768219
95,Ruby,Imbituba,397601
96,Scarface,Longxi,328165
97,Lolita,Mercedes,743681
98,Any,Goiatuba,679647
99,Lucinda,Pyongyang,49423
100,Husain,Aranos,925257
101,Dasi,São Leopoldo,890595
102,Consuela,Alaminos,494304
103,Emmerich,Arrah,971381
104,Sheppard,Daweishan,584622
105,Elora,Jiangwakou,237209
106,Shannan,Murcki,439714
107,Rey,Ramón Castilla,660140
108,Dinah,Porto Ferreira,877976
109,Abey,That Phanom,569492
110,Binky,Idrinskoye,764404
111,Saidee,Shiyan,834473
112,Margaux,Knežica,306875
113,Bill,Ludwigshafen am Rhein,420244
114,Norma,Kembang,529418
115,Ailsun,Guadalupe,954057
116,Angil,Madang,932517
117,Violet,Guaíra,57369
118,Frederik,Caotan,373186
119,Brigid,Yacheng,406268
120,Augustine,Linjiang,459003
121,Benetta,Aiximan,271532
122,Stavro,New York City,849013
123,Cortie,Tayug,731690
124,Annabel,Dhankutā,395677
125,Priscilla,Jinhe,512568
126,Roldan,Boston,705183
127,Brenden,Amieiro,356578
128,Jade,Wucheng,190263
129,Hestia,Thị Trấn Bắc Yên,581341
130,Jaimie,Brejoeira,657786
131,Ellen,Bazha,808328
132,Merrilee,Unión de Reyes,957783
133,Jerrie,La Esperanza,649508
134,Rog,Praya,547587
135,Ephraim,Székesfehérvár,385074
136,Thebault,Gložan,753073
137,Inna,Masoyila,995486
138,Auria,Bellavista,603046
139,Kathye,Xiaoshi,630349
140,Cornell,Zamoskvorech’ye,133779
141,Gregory,Barinitas,938608
142,Nikita,Nanxinxiang,850386
143,Dulcea,Kanada,162770
144,Andre,Yotala,952949
145,Daphne,Amalfi,125176
146,Woody,Barurao,537444
147,Amelia,Mashizhai,451132
148,Dillon,Qaffīn,15710
149,Gabriel,Al Jīb,752268
150,Randie,Tokuyama,827117
151,Selia,Seka,943499
152,Jordanna,Kostyantynivka,864596
153,Dermot,Eshowe,778174
154,Conn,Lameiras,113623
155,Kaycee,San Luis del Palmar,311822
156,Chloris,Zhihe,710830
157,Ines,Juwana,336948
158,Wade,Wrząsowice,308276
159,Joella,Sukamaju,789196
160,Hardy,Dungang,187453
161,Vanda,Carvalhal,782994
162,Lyndsie,Haguimit,866316
163,Hilary,Margasana,31989
164,Zsa zsa,Garland,841271
165,Gabriel,Ban Khok,638500
166,Jess,Belém,552017
167,Felipa,Majiao,815082
168,Walliw,Yogyakarta,696372
169,Durand,Cikadu,691486
170,Armand,Bindang,292759
171,Arman,Jampang Kulon,191572
172,Mandel,Ruukki,171477
173,Rebecca,Río Ceballos,418493
174,Ernaline,Vinica,590189
175,Brent,Paloh,708082
176,Margaux,Kangin,32412
177,Klement,Ngrambitan,508277
178,Xenos,Penápolis,686244
179,Jamaal,Isanlu Itedoijowa,151886
180,Una,Bakhmach,843835
181,Alberta,Xuedian,597892
182,Pepito,Ambian,178399
183,Mariana,Donja Mahala,970115
184,Dieter,Birinci Aşıqlı,272026
185,Sheilah,Battung,979276
186,Earl,Huangxikou,200925
187,Elmira,Antas,174571
188,Royall,Simo,776944
189,Oralie,Río Grande,201639
190,Clemmy,Garajati,838241
191,Bessie,Medellín,331115
192,Alister,Muhos,894469
193,Fraze,Bua Yai,610232
194,Paxon,Luohuang,353080
195,Dominga,Xiadingjia,651251
196,Arlen,Aktsyabrski,326912
197,Erik,Songbo,761220
198,Nico,Putou,895732
199,Alexina,Agen,705122
200,Baxter,Siak Sri Indrapura,166172
201,Artie,Dadamtu,312196
202,Amitie,Yongding,157363
203,Drud,Gent,251992
204,Shalom,San Francisco,654285
205,Nap,Sebeta,990764
206,Reg,Timahankrajan,782589
207,Rustie,Kegeyli Shahar,261214
208,Sam,Kosiv,362408
209,Jori,Danglang Hudong,481227
210,Roderigo,Tengger,670913
211,Deborah,Čajetina,860131
212,Sioux,Kalmar,483722
213,Bourke,Stari Kuty,723202
214,Tobin,Bamut,293237
215,Frederic,Néa Flogitá,430321
216,Kienan,Obroshyne,568645
217,Hermy,Černošín,619710
218,Adolphus,Buenavista,528962
219,Lew,Cangkeuteuk Sabrang,277104
220,Marmaduke,Yeysk,582418
221,Vida,Senada,190711
222,Renelle,Valuyki,811901
223,Johnnie,Água de Pau,928484
224,Lucienne,Joaçaba,323928
225,Collen,Münster,498740
226,Leroi,Karangsari,641658
227,Yvette,Bila,746057
228,Hieronymus,Wupu,267958
229,Alfie,Bagumbayan,628490
230,Sharlene,Banjar Anyar,779735
231,Ileana,Křižanov,224196
232,Bibby,Gengcheng,95504
233,Lucie,Cibeureum,191922
234,Ugo,Manlio Fabio Altamirano,338775
235,Kip,Palaran,167288
236,Odey,Palcza,48755
237,Deidre,Tandel,515872
238,Marie-jeanne,Giyon,391409
239,Adria,Hongqi,656651
240,Ethelbert,Vidoši,702677
241,Jerald,Malian,863485
242,Hashim,Dawan,219322
243,Aime,Clervaux,589719
244,Jaclin,Gafanha de Aquém,12273
245,Rossy,Sonzacate,313652
246,Ertha,Kliwon Cibingbin,251932
247,Meagan,Tambov,607119
248,Rachele,Bima,568738
249,Marysa,Rokytne,378045
250,Vannie,Decatur,602925
251,Charyl,Huarong,985479
252,Elnar,Cagayan,843000
253,Burtie,Vani,791939
254,Dahlia,Mompós,872175
255,Cicily,Simod,132440
256,Mil,Hokor,39415
257,Aurea,Corona,509408
258,Lavinie,København,686451
259,Hillyer,Manadas,319351
260,Nikolai,São Lourenço da Mata,282992
261,Viviene,Petaluma,529083
262,Fayina,Shinan,958168
263,Vinson,Noyelles-sous-Lens,879748
264,Bertina,Frankfurt am Main,797728
265,Aloisia,Diekirch,346903
266,Melita,Alderetes,241099
267,Kenn,Riosucio,906052
268,Carmine,Padre Las Casas,155427
269,Jeffry,Ariz,398462
270,Dareen,Krasnohrad,736157
271,Conroy,Chincha Baja,776368
272,Martainn,Paruro,918045
273,Gaye,Fuchang,18868
274,Ranique,Cikadondongdesa,476889
275,Paddy,Oyabe,677234
276,Fred,Jurm,761339
277,Patric,Sabang,54526
278,Emelyne,Mahuta,760796
279,Winnifred,Mérignac,569542
280,Hymie,Profítis Ilías,530633
281,Sally,Beolgyo,731374
282,Andeee,Sollebrunn,504726
283,Irena,Novospasskoye,671202
284,Suzi,Chilmāri,475256
285,Bea,Áyios Vasílios,192832
286,Nora,Kolpashevo,529998
287,Lorie,Žirovnice,922307
288,Wynn,Budrus,802261
289,Lacey,Beauceville,702979
290,Davey,Alvega,792608
291,Wheeler,San Francisco,361517
292,Winni,Bintawan,721850
293,Kirsti,Jami,32131
294,Standford,Ryūō,502220
295,Gerick,Gamut,262291
296,Zora,Düsseldorf,851538
297,Meggi,Sanxi,765224
298,Lyman,Chojna,588263
299,Smith,Gérakas,533957
300,Silvia,Arue,335895
301,Velvet,Xinhua,104986
302,Sigismund,Garisul,547403
303,Tris,Chojnów,441016
304,Sumner,Haunubenak,146554
305,Haily,Židlochovice,890674
306,Laurianne,Sernur,510573
307,Shay,Hengshan,619311
308,Roseline,Sājūr,632784
309,Trista,Yanas,463349
310,Gustaf,Yingcui,458172
311,Jandy,Mabuttal East,32759
312,Cassondra,Nama,811354
313,Montague,Al Karāmah,519953
314,Alanna,Putina,623425
315,Stanislas,Senada,385906
316,Arri,Itoigawa,145405
317,Alano,Petoa,78471
318,Mamie,Playas,638112
319,Esmaria,Telêmaco Borba,502700
320,Christie,Řehlovice,863004
321,Cele,Sölvesborg,411036
322,Ambros,Shilin,517296
323,Wini,Itajubá,442180
324,Myrwyn,Klakeh,617440
325,Lolita,Jaguariúna,741803
326,Weider,Barroso,959039
327,Billye,Juršinci,90587
328,Lenora,Las Flores,93735
329,Brok,Nzeto,682146
330,Kristian,Roissy Charles-de-Gaulle,872068
331,Nelle,Cigaleuh Kulon,375271
332,Leicester,General Pico,948430
333,Anderson,Bang Rak,153247
334,Lesly,Monte Leite,43934
335,Nyssa,Minante Segundo,382077
336,Cross,Gununganyar,840552
337,Augustus,Kristiansand S,916367
338,Catrina,Praingkareha,481093
339,Dennie,Ipil,23084
340,Ogden,Liuge,748361
341,Alic,København,490454
342,Golda,Matanog,238904
343,Link,Suwałki,201321
344,Penni,Melíti,165072
345,Spenser,Chacabuco,294674
346,Mayor,Zhaxi,676875
347,Natalina,Zhaxirabdain,757385
348,Cherish,Gopaan,294222
349,Ida,Reshetikha,378660
350,April,Kybartai,383790
351,Luci,Temorlorong,634180
352,Reinaldo,Phoenix,34993
353,Annabela,Río Pico,478166
354,Willis,San Quintin,789665
355,Jaquenetta,Silver Spring,184889
356,Zared,Shagang,762796
357,Clerc,Pāshmūl,131507
358,Sigismund,Jixian,617691
359,Carlina,Negla,844763
360,Clarita,Tongkiling,624362
361,Marius,Sumqayıt,920963
362,Doro,Partikan,480572
363,Jefferey,Terara,152683
364,Christopher,Maqia,688379
365,Redford,Tierralta,700570
366,Jerrome,Bollnäs,744423
367,Eamon,Kelburn,431449
368,Fayina,Aristóbulo del Valle,902757
369,Nathalie,Cijoho,632952
370,Ashien,Camrose,381753
371,Cicily,Panaytayon,185180
372,Celine,Sortavala,115559
373,Marieann,Gempol,240924
374,Leigh,Kondangrege,18092
375,Janaye,Tanjungagung,105647
376,Antony,Jiuxian,790210
377,Dianna,Yongxing,997188
378,Rhys,Baddomalhi,329754
379,Yance,Kangān,877236
380,Franchot,Östersund,434102
381,Emily,Masjed Soleymān,523254
382,Ferdie,Hāfizābād,711192
383,Codi,Koksovyy,310749
384,Ynes,Pegões,991084
385,Esther,Ituberá,836878
386,Sarette,Zürich,30378
387,Barney,Tanahmerah,414394
388,Jeno,Campo de la Cruz,788851
389,Hersh,Flores da Cunha,269607
390,Nicky,Temyasovo,682673
391,Willard,Takahagi,192169
392,Lorena,Nova Viçosa,623364
393,Dulciana,Tarariras,413266
394,Andromache,Kawit,149405
395,Cornall,Haarlem,68063
396,Fania,Zombo,408228
397,Rockwell,Marxog,359438
398,Luigi,Rączna,549746
399,Dalston,Saint John,621105
400,Asher,Fukuoka-shi,38021
401,Brina,Magangué,790259
402,Stu,Tabant,385238
403,Adeline,Xinyu,657089
404,Sarita,Uddevalla,543669
405,Aidan,San Vicente,316222
406,Jennine,Carcassonne,147257
407,Ursola,Ollachea,811492
408,Vin,Beigong,662902
409,Temple,Gobernador Costa,47919
410,Joycelin,Mtimbira,546484
411,Anni,Jindui,84728
412,Gregory,Hedi,747697
413,Maressa,Nasielsk,385865
414,Ermina,George Town,301311
415,Erinn,Itauguá,992330
416,Renee,Kauran,685799
417,Nicolais,Tukan,293929
418,Patrice,Liaoyang,904280
419,Harriot,Lebel-sur-Quévillon,515826
420,Mikkel,Spasskoye,505095
421,Verene,Jatiklampok,345285
422,Noak,Simajia,318957
423,Devan,Shentang,78193
424,Margit,Kelburn,218042
425,Frederico,Ciparay,266329
426,Tyrus,Zlynka,380571
427,Dan,Kalidung,373029
428,Blinny,Xingtai,606800
429,Anni,Ingarö,74734
430,Bealle,Fortuna,900861
431,Happy,Porto Real,717283
432,Dolorita,Buzuluk,130040
433,Godard,Dimataling,520922
434,Veronica,Tomaszów Mazowiecki,864470
435,Cammy,Oof,294256
436,Jennee,Florestópolis,917828
437,Heda,Yihe,449509
438,Malina,Coaldale,581975
439,Tarrah,Bhakkar,711003
440,Tommie,Robonkon,987373
441,Ema,Sampués,10457
442,Emmey,Monze,718983
443,Deirdre,Eséka,352161
444,Velvet,Chuncheon,129820
445,Kip,San Antonio Suchitepéquez,303152
446,Galvan,Pniv,981011
447,Aurlie,Sindangsari,869268
448,Shannon,Yablonovskiy,917563
449,Stella,Bandungsari,869991
450,Rasia,Dihtyari,254952
451,Silvester,Kinnula,626477
452,Chryste,Gersikputih Tengah,36454
453,Zita,Noeltoko,808142
454,Elton,Kokterek,579022
455,Emmaline,Stebnyk,830735
456,Gregory,Karabas,583017
457,Vitia,Gardinovci,651332
458,Jenny,Limoges,504544
459,Richy,Severodvinsk,395664
460,Riobard,Líně,239864
461,Johnette,Topi,441073
462,Yancy,Vila do Bispo,268745
463,Dawn,Borkowice,28122
464,Phillie,Káto Miliá,772844
465,Justinn,Wolin,888561
466,Madonna,Milwaukee,709024
467,Hildegarde,Chifeng,964933
468,Bettine,Budënnovsk,56738
469,Maurise,Pende,247219
470,Oriana,Kongtian,976153
471,Leupold,Mława,792840
472,Roxine,Cheb,713025
473,Bradley,Haugesund,946388
474,Crista,Nemours,128591
475,Earl,Sidi Yahya Ou Saad,809099
476,Abran,Zhongfang,456466
477,Drucie,Argungu,933168
478,Lorrayne,Capela,650040
479,Knox,Zhongping,894417
480,Hilario,Deán Funes,287271
481,Celestia,Puamata,254853
482,Ashby,Tianhe,296316
483,Brewer,Shangzhuang,479834
484,Ferdinande,Donglai,426861
485,Jeddy,Graksop,969037
486,Gianina,Centre de Flacq,800834
487,Alysia,Drammen,281186
488,Lisabeth,Barkly East,266099
489,Conrad,Zhonglong,732490
490,Birch,Moinhos,217819
491,Arnold,Taoudenni,843665
492,Saxon,Shizuishan,163103
493,Tully,Yanmenkou,430566
494,Guillemette,Jarocin,301568
495,Ethelred,West Palm Beach,477681
496,Belvia,Yonago,756813
497,Elsey,Xinxing,653473
498,Kissiah,Sigaboy,440365
499,Elmer,Kökar,245285
500,Luciana,Nove-Misto,246984
501,Daffy,Huineno,108965
502,Murielle,Maracanaú,723944
503,Chelsea,Takai,31249
504,Jessamyn,Gannan,79333
505,Adan,Xinhua,304421
506,Penrod,Cetinje,668428
507,Maxine,Puerto Rico,74998
508,Matty,Jiuhua,547371
509,Ky,Sanshui,626807
510,Clayborn,Villeneuve-d'Ascq,290095
511,Winnah,Huoshaoping,514765
512,Thorstein,Zhetian,948973
513,Laraine,Shigou,195657
514,Leda,Hetan,30363
515,Jaimie,Moita,627718
516,Remus,Criciúma,534752
517,Sophie,General Villegas,951181
518,Obed,Kuncen,676839
519,Jarrod,Podstepki,40488
520,Merrie,Jedlińsk,237704
521,Elonore,Yongdeng Chengguanzhen,43101
522,Jemie,Citeureup,176671
523,Chrystal,Tegalbuleud,140703
524,Riccardo,Al Baqāliţah,199520
525,Amye,Henghe,628323
526,Baily,Chemal,473243
527,Gradey,Gannan,116392
528,Van,San Jerónimo,306294
529,Lara,Wenwusha,614195
530,Harlan,Nice,115010
531,Norri,Zaporizhzhya,158302
532,Norry,Versailles,317300
533,Hershel,Basail,619933
534,Bernadene,Shangxing,705256
535,Christy,München,379753
536,Tam,Andilamena,304766
537,Marigold,Beixiaoying,508847
538,Felicity,Shuitou,415882
539,Elysia,Torrijos,10200
540,Alexis,Wonorejo,534961
541,Arlan,Chadian,689272
542,Cart,Chernivtsi,432886
543,Janey,Oitui,63256
544,Clem,Katy,630291
545,Woodman,Ilagan,172407
546,Aloisia,Al Mughayyir,788581
547,Joby,Hexiangqiao,811577
548,Margarette,Mocajuba,661145
549,Ivett,Guacamaya,395595
550,Sarette,Dalongzhan,366825
551,Ethelind,Balingcanaway,197370
552,Cloe,Strasbourg,867135
553,Mari,Desa Kertasari,514580
554,Palm,Santana do Paraíso,240441
555,Valry,Birowo,103691
556,Celinda,Dongchengyuan,569220
557,Berni,Laocheng,978269
558,Land,San Pedro Apartado,163545
559,Daron,Vamvakoú,230720
560,Maury,Black River,364260
561,Giraldo,Houston,162666
562,Susann,‘Ajlūn,246655
563,Faythe,Huangfang,606326
564,Larine,Seydi,921474
565,Georgeanne,Dalongzhan,725025
566,Logan,Dazuo,217877
567,Joelynn,Täby,306035
568,Guillermo,Mayo,227033
569,Hashim,Qinxi,179208
570,Blisse,Ivouani,538644
571,Kinnie,Talā,775146
572,Doyle,Nässjö,476118
573,Karmen,Munggang,730531
574,Darleen,La Paz,293858
575,Maegan,Mangulile,179810
576,Carmelina,Bendo,714498
577,Coop,Jawf al Maqbābah,680649
578,Gwyn,Moñitos,619009
579,Alwin,Hat Yai,36174
580,Zackariah,Khallat ad Dār,509178
581,Laryssa,Onoda,131443
582,Haskell,Konëvo,477195
583,Shir,Saint-Julien-en-Genevois,726837
584,Laney,Sulaco,688995
585,Leonidas,Maguling,690727
586,Herve,San José de Bocay,446377
587,Dodie,Baiqi,390673
588,Ingemar,Peddie,309218
589,Lorens,Zürich,781495
590,Car,Pasirlimus,495039
591,Mark,Bayt Maqdūm,610108
592,Verena,Tejen,701114
593,Fairlie,Ipu,481745
594,Fons,Yangi-Nishon Shahri,13304
595,Wat,Marne-la-Vallée,925389
596,Honey,Wolowiro,191721
597,Melanie,Liutang,369494
598,Dillon,Reriz,798711
599,Rudd,Yajiwa,893551
600,Frasier,Budënnovsk,681056
601,Troy,Al Minyā,15813
602,Amalia,Mityana,511765
603,Elyn,Henglin,712612
604,Belicia,Jiudian,221933
605,Floris,Oslo,189007
606,Kelley,Łąck,779466
607,Reid,El Retorno,923392
608,Ofella,Chợ Chu,281966
609,Ludvig,Dianzi,681439
610,Modestine,Tufang,720491
611,Erik,Dolní Cerekev,698660
612,Tad,Ilha Solteira,716426
613,Murial,Jianshe,330800
614,Dill,Sukhobuzimskoye,82890
615,Curr,Leninskiy,209162
616,Aura,Malczyce,13116
617,Sianna,Naikoten Dua,224007
618,Shaun,Malita,318350
619,Hayes,Sens,432942
620,Casey,Hashtgerd,381381
621,Barnard,Rtyně v Podkrkonoší,449210
622,Benny,Wenping,465546
623,Dionis,Chuangwang,839861
624,Noelani,Pakel,696712
625,Patty,Otutara,772508
626,Walther,Kademangan,128883
627,Benedikt,Sittwe,880601
628,Fredelia,Gonghe,90953
629,Ami,Dongning,427237
630,Philbert,Toul,768198
631,Annalise,Dajin,209990
632,Jilly,Opatovice nad Labem,647631
633,Leila,Águas,425877
634,Derron,Zhongguan,746954
635,Therese,Shihuiqiao,742183
636,Carole,Nagornyy,592134
637,Glenden,Carquefou,938588
638,Artair,Khao Kho,221542
639,Danette,Tabia,690431
640,Meta,Pisaras,166149
641,Elinor,Zhendeqiao,260421
642,Melody,Ourinhos,794553
643,Petronella,Fayzabad,664325
644,Donall,Songshan,614868
645,Nola,Natonin,150387
646,Indira,Yanwukou,760746
647,Major,Vila Franca,480910
648,Gilbertina,Novi Itebej,605153
649,Hoebart,Selishche,667836
650,Minnnie,Mosjøen,651257
651,Hetty,Moycullen,836452
652,Rutger,Jobabo,367299
653,Lonnie,Cikubang,789039
654,Dave,Suslonger,490976
655,Kellsie,Cukalat,564760
656,Katherina,Žihle,647290
657,Andreas,Hushi,836109
658,Mirelle,Maki,781214
659,Camellia,Itapecerica da Serra,716021
660,Wilma,Tsul-Ulaan,907006
661,Alyse,Banyutengah,157293
662,Phaedra,Yamkino,747144
663,Shelden,Çlirim,164923
664,Dorothee,Klembivka,225774
665,Fedora,Jiangchang,720449
666,Ingeberg,Catanduva,240515
667,Euell,Maringá,926465
668,Meara,Hadapu Zhen,180898
669,Olivia,Vila Franca,613495
670,Blair,San Sebastian,812208
671,Bonny,Batudulang,51312
672,Ayn,Chirilagua,74420
673,Ragnar,Nova Petrópolis,686274
674,Halette,Moganshan,742465
675,Daloris,Brwinów,496569
676,Nada,Daxi,830999
677,Daryn,Malakand,106552
678,Garald,Sŭedinenie,616620
679,Lorne,Vạn Giã,103974
680,Cosmo,Tyresö,999214
681,Odele,Firá,646174
682,Francois,Zhangxiong,807328
683,Abigail,Wangtuan,881458
684,Obadias,Pleiku,932246
685,Anestassia,Néma,793761
686,Florie,Guanshan,871731
687,Gonzales,Messejana,988906
688,Silvester,Libacao,130378
689,Ansel,Bojawa,862243
690,Tiffanie,Roanoke,615564
691,Tades,Pasirnangka,335506
692,Hastie,Fengkou,979314
693,Ashla,Dikwa,344920
694,Erny,Włoszakowice,361703
695,Trent,Chicago,851991
696,Alexandros,Raminho,129738
697,Don,Hämeenkoski,886902
698,Michele,Tomaszów Mazowiecki,141151
699,Raynell,Foča,842166
700,Porty,Mandala,938244
701,Farrand,Skhira,76106
702,Geneva,Touama,716199
703,Nicoline,Paraíso,511070
704,Carlie,Buenos Aires,689179
705,Alleen,Phra Phutthabat,609380
706,Hanan,Ungsang,802911
707,Davidde,Del Pilar,446174
708,Ninette,Ondangwa,614402
709,Tades,Solnechnogorsk,378907
710,Cathe,Jiannan,856741
711,Allene,Kanshan,41900
712,Gisele,Bajiao,165022
713,Meredith,Trzin,839360
714,Rolando,Buenavista,28698
715,Avivah,Chedao,539739
716,Kim,Usukhchay,32474
717,Joceline,Kozelets’,540550
718,Gwynne,Xialaxiu,866909
719,Deva,Mapusagafou,22347
720,Kris,Hisings Kärra,663077
721,Dannye,Yaguajay,539533
722,Elset,Balakasap,981213
723,Alfred,Zarechnyy,800211
724,West,Legok,699095
725,Sholom,Kalmar,820657
726,Arley,Suntar,262047
727,Franchot,Huangtan,127054
728,Briney,Checca,138003
729,Constancy,Carriedo,964031
730,Willem,Siemiatycze,493000
731,Geraldine,Tallahassee,562593
732,Letta,Nai Harn,728399
733,Alisha,Sarany,311827
734,Tawnya,Hekou,683550
735,Skylar,Lobanovo,279989
736,Sawyere,Lalagsan,848222
737,Isac,Fengcheng,421001
738,Dolf,Bastak,172249
739,Osmund,Petrodvorets,393343
740,Elston,Kadoma,475814
741,Brockie,Zbiroh,47881
742,Daphna,Bloemhof,202214
743,Joeann,Dongshangguan,149146
744,Randa,Novosmolinskiy,322301
745,Debera,Kulevcha,844231
746,Vincent,Kibuku,905426
747,Laureen,Cernache do Bonjardim,443724
748,Jaclin,Capayán,569823
749,Moritz,Kufa,292189
750,Bo,Shifang,122109
751,Didi,Erdu,718956
752,Reinald,La Labor,774446
753,Honoria,Gremyachinsk,701737
754,Ginni,Santa Helena de Goiás,737235
755,Miles,La Unión,176159
756,Xena,Tonglin,72226
757,Carce,Blaye,235848
758,Bunni,Purwodadi,572092
759,Viva,Fílla,497291
760,Bobbette,Toulouse,471295
761,Willi,Boston,775888
762,Sophi,Mashiko,727730
763,Eugenius,Tišina,685012
764,Madelon,Ladhewāla Warāich,307569
765,Pepito,Lyon,167070
766,Claire,Xiangrong,361768
767,Nowell,Chã,23515
768,Ephrayim,Haysyn,861601
769,Pauline,Fort Worth,233984
770,Shae,Shreveport,801204
771,Tildy,Guzhuyingzi,848464
772,Edna,Marinilla,735789
773,Judd,Vroutek,23723
774,Clay,Uto,460115
775,Kania,Dalang,79262
776,Alley,Tiandu,559088
777,Mufinella,Huaguo,330063
778,Ban,Tucson,889609
779,Tadio,San Agustin,300902
780,Sherlocke,Dadoupu,79780
781,Hewitt,Gręboszów,804741
782,Cinda,Yangtan,691003
783,Steffane,Shah Alam,970393
784,Hogan,Mollebamba,682393
785,Augustus,Aku,777141
786,Petey,Valdivia,82277
787,Anatollo,Maruoka,725424
788,Godwin,Kuching,18438
789,Malachi,Vale de São Cosme,733148
790,Sarajane,Pondokunyur,14906
791,Ianthe,Shuangyuan,395561
792,Welbie,Lapa,807416
793,Joellen,Bakau,833315
794,Darcy,Glondong,638352
795,Raimundo,Kuala Terengganu,127427
796,Amble,Carleton Place,615470
797,Krista,Hurghada,165302
798,Viole,Maracanaú,40270
799,Rosaline,Dzerzhinskiy,92141
800,Adlai,Kolpny,262429
801,Albertina,Lahān,884945
802,Keith,Hněvotín,710263
803,Bertrand,Mayantoc,722323
804,Hervey,Lamam,616052
805,Talbot,Carmo do Cajuru,223234
806,Lorraine,Córdoba,516609
807,Odessa,Fujia,151082
808,Dianne,Al Wuday‘,893990
809,Vin,Gyōda,687368
810,Bealle,Yangju,197336
811,Ailene,Kristinehamn,776908
812,Min,Ararat,693193
813,Ash,Fojo,541680
814,Chan,Póvoa,14620
815,Trenna,Tandil,373384
816,Alecia,Dolní Kounice,252179
817,Brucie,José Bonifácio,255527
818,Zebadiah,Calabugao,601621
819,Penelope,Talisayan,279598
820,Sada,Sandao,274573
821,Sutherland,Krzanowice,619650
822,Thayne,Lianglin,410137
823,Rosmunda,Dabagou,411637
824,Rozanne,Tuplice,435731
825,Tyler,Tucson,677358
826,Brittaney,San Fernando Apure,19117
827,Michele,Cibojong,316953
828,Adham,Gumuk Tengah,223249
829,Frederich,Pereiros,149578
830,Dee,Ying’ebu,388964
831,Judye,Saint-Quentin-Fallavier,745662
832,Harwell,Yafan,215854
833,Ruby,Shangani,604463
834,Doloritas,Zhongping,574912
835,Brinn,Ciherang,617689
836,Sileas,Dushk,314319
837,Junina,Margos,924004
838,Walton,Cachan,59546
839,Jarrod,Wanshi,315329
840,Orion,Samut Sakhon,61091
841,Farlay,Escazú,999744
842,Dusty,Kirgili,960853
843,Nollie,Rešetari,35716
844,Leicester,Obispos,757447
845,Marcy,Szeged,288013
846,Winni,Nyurba,727340
847,Marguerite,Shezhu,319175
848,Nancey,La Montañita,844738
849,Bucky,Calanogas,984598
850,Chrissy,Slovenski Javornik,211487
851,Maureen,Shangyang,743329
852,Langsdon,Kota Kinabalu,591724
853,Ian,Jiaze,622829
854,Lyndsey,Krajan,120001
855,Manfred,Yonghe,647352
856,Thebault,Labuhantanggabesar,670765
857,Carol,Izmaylovo,451228
858,Sayre,Kandangsapi,16906
859,Gordon,Fengjiang,127497
860,Vina,Ōiso,429654
861,Quintilla,Kang,983059
862,Gary,Menzel Abderhaman,748514
863,Vallie,Shushenskoye,522566
864,Hortense,Borodino,559421
865,Griff,Santa Maria da Feira,469142
866,Griswold,Li’an,530159
867,Stefano,Xuri,833759
868,Debra,Rio Pardo,508302
869,Freeland,Kawakawa,140871
870,Sayer,Potelych,835092
871,Konrad,Butwāl,408297
872,Elyse,Vetlanda,774631
873,Bartram,Krasnolesnyy,499013
874,Trude,Chiba,834508
875,Hart,Karangtengah,946365
876,Ardyth,Caihua,156776
877,Irv,Santa Maria da Vitória,125518
878,Camilla,Yanwo,125175
879,Cullan,Sumisip,12221
880,Silvana,Falun,675286
881,Ulberto,Haolaishan,58077
882,Ernesto,Buchanan,988243
883,Rosemarie,Khvorostyanka,643537
884,Nedi,Kebunkelapa,309559
885,Del,Västerås,701618
886,Dulci,Gaoleshan,419431
887,Annadiana,Strellc i Epërm,789217
888,Mathe,Dongshi,498654
889,Alphonso,Jombang,829619
890,Layney,Zhonghuopu,535961
891,Jeddy,Villamontes,179372
892,Ardelia,Sukoreno,988310
893,Caterina,Jiangdianzi,851530
894,Remington,Hofors,338164
895,Rachael,Laval,727933
896,Alfy,Namayingo,17480
897,Ario,Lantera,527209
898,Callean,Kokkónion,959823
899,Daisy,Mtwango,773095
900,Melvin,Loanda,477879
901,Enrichetta,Fuliang,398044
902,Glori,Sobeok,472442
903,Mignonne,Lebak,161426
904,Tabb,Taveiro,407917
905,Spenser,Guyam Malaki,155253
906,Hewie,Seteluk Tengah,653166
907,Robinet,Dolna Banya,801411
908,Skipper,Shalkar,230016
909,Aurelia,Loufan,738423
910,Nathalie,Shimen,781555
911,Augustus,Všestary,569397
912,Findley,Gaoshi,331232
913,Ashely,Kansas City,222325
914,Marin,Ullubiyaul,956082
915,Tanitansy,Sake,166785
916,Enos,Orimattila,876950
917,Dana,Acherítou,901316
918,Don,Veguitas,996870
919,Gabriel,Okayama-shi,797650
920,Collie,Ilongero,486543
921,Garrik,Ceres,562974
922,Caritta,Lucé,219885
923,Darlene,Kota Bharu,137702
924,Vicki,Zhendu,444001
925,Benedicta,Ruma,168881
926,Tawnya,Luleå,954107
927,Lanae,Cotuí,285184
928,Ford,Boronów,414386
929,Sascha,Xinjian,45882
930,Noland,Pukhavichy,142831
931,Mervin,Horad Krychaw,350122
932,Tyson,Babakantonggoh,748347
933,Essa,Kiszkowo,791962
934,Gorden,Rybnoye,48751
935,Fabien,Tegallega,226801
936,Job,Kalandagan,726805
937,Nan,Ansongo,592166
938,Lucia,Arwād,500977
939,Shelby,Moravský Krumlov,555106
940,Averell,Carapo,842400
941,Jillian,Yanggan,519088
942,Enid,Waigete,542011
943,Danyelle,Radvanice,808120
944,Anallese,Playas,237071
945,Templeton,Zhongluotan,579319
946,Amalie,Guijalo,903093
947,Nealy,Xiangang,728759
948,Roxana,Cẩm Phả,861477
949,Gilly,Borek Wielkopolski,582750
950,Brice,Dengmu,818691
951,Andreana,Ise,663386
952,Antonius,Örebro,703416
953,Jackson,Koíla,432303
954,Brietta,Mbocayaty,585860
955,Leontyne,Słotowa,440108
956,Lucio,Ambatolampy,78583
957,Orsa,Gambēla,451204
958,Adda,Nakhabino,361338
959,Clotilda,Mysove,779820
960,Bonni,Kundung,653434
961,Verne,København,811896
962,Lanni,Lis,249117
963,Ashlan,Hepu,796914
964,Dietrich,Marovoay,138895
965,Cristine,Barreiro do Jaíba,98002
966,Colette,Batan,318690
967,Emmerich,Saldanha,800774
968,Sayre,Mauá,757690
969,Land,Seulimeum,696976
970,Tomaso,Bích Động,722292
971,Ida,Bonneuil-sur-Marne,42375
972,Johnna,Bambuí,440485
973,Mathias,Degerfors,177009
974,Arlinda,Padang,615806
975,Aurilia,Duancun,735391
976,Sig,Bretaña,800301
977,Nathanael,Porto Martins,880786
978,Casey,Vale de Figueira,956823
979,Patti,Sobreira,647238
980,Minda,Shalushka,484644
981,Tiler,Mullagh,694190
982,Kinna,Bells Corners,722980
983,Hope,Eksjö,377051
984,Ursula,Kunwi,111671
985,Joel,Sitampiky,906158
986,Stephanus,Želetava,492877
987,Ryley,Tungguwaneng,469587
988,Haze,Sioah,418825
989,Oralle,Madara,839689
990,Melvin,Libei,224834
991,Prentiss,Bilar,84317
992,Bamby,Villa Regina,596229
993,Matthus,Matoupu,91384
994,Si,Sasnovy Bor,309961
995,Angil,Boulogne-sur-Mer,347401
996,Pavlov,Norrköping,890216
997,Mike,Chã,100024
998,Gaby,Maibu,894049
999,Lynn,Rýmařov,180561
1000,Ellery,San Fernando del Valle de Catamarca,332493
